collection-date,vpn-id,customer-name,customer-abbr,vpn-type,topology,running-no,label-mode,huawei-label-mode,multicast,secondary-running-no,cisco-domain-topology,huawei-domain-topology
26/03/2021 15:53:00,123455,TEST,TEST,enterprise,full-mesh,20043,per-ce,per-instance,,,,
26/03/2021 15:53:00,BNG_DRA,BNG,BNG DRA,infra,full-mesh,30001,per-ce,per-instance,,,,
26/03/2021 15:53:00,BNG_EAAA,BNG,BNG EAAA,infra,full-mesh,30002,per-ce,per-instance,,,,
26/03/2021 15:53:00,EAASd,sdf,sdfsdf,enterprise,full-mesh,12312,per-ce,per-instance,,,,
26/03/2021 15:53:00,IPR0041_BANKING,PHILIPPINE SEVEN CORPORATION,PSC02,enterprise,full-mesh,41,,,,,,
26/03/2021 15:53:00,IPR20000_TNT_NMS,SMART Pivot,SMART Pivot,infra,full-mesh,20000,per-ce,per-instance,,,,
26/03/2021 15:53:00,IPR20001_IPTV,IPTV,IPTV,enterprise,full-mesh,20001,per-ce,,,,,
26/03/2021 15:53:00,IPR20002_FTTH_NMS,FTTH_NMS,FTTH_NMS,enterprise,full-mesh,20002,per-ce,,,,,
26/03/2021 15:53:00,IPR20003_FTTH_VoIP_Prod,FTTH_VoIP_Prod,FTTH_VoIP_Prod,enterprise,full-mesh,20003,per-ce,,,,,
26/03/2021 15:53:00,IPR20004_ABISX,ABISX,ABISX,enterprise,full-mesh,20004,per-ce,,,,,
26/03/2021 15:53:00,IPR20005_IUBX,IUBX,IUBX,enterprise,full-mesh,20005,per-ce,,,,,
26/03/2021 15:53:00,IPR20006_SYNCX,SYNCX,SYNCX,enterprise,full-mesh,20006,per-ce,per-instance,,,,
26/03/2021 15:53:00,IPR20007_OAMX,OAMX,OAMX,enterprise,full-mesh,20007,per-ce,per-instance,,,,
26/03/2021 15:53:00,IPR20008_S1,S1,S1,enterprise,full-mesh,20008,per-ce,per-instance,,,,
26/03/2021 15:53:00,IPR20009_GOLDARC,GOLDARC,GOLDARC,enterprise,full-mesh,20009,per-ce,,,,,
26/03/2021 15:53:00,IPR20010_PJLHUIL,PJLHUIL,PJLHUIL,enterprise,full-mesh,20010,per-ce,,,,,
26/03/2021 15:53:00,IPR20011_CHINA,CHINA,CHINA,enterprise,full-mesh,20011,per-ce,,,,,
26/03/2021 15:53:00,IPR20012_PHILBUS,PHILIPPINE BUSINESS BANK,PBB01,enterprise,full-mesh,20012,per-ce,per-instance,,,,
26/03/2021 15:53:00,IPR20013_RCBC,RCBC,RCBC,enterprise,full-mesh,20013,per-ce,,,,,
26/03/2021 15:53:00,IPR20014_BEAUTYP,BEAUTYP,BEAUTYP,enterprise,full-mesh,20014,per-ce,,,,,
26/03/2021 15:53:00,IPR20015_BDO_NET,BDO_NET,BDO_NET,enterprise,full-mesh,20015,per-ce,,,,,
26/03/2021 15:53:00,IPR20016_METBANK,METBANK,METBANK,enterprise,full-mesh,20016,per-ce,,,,,
26/03/2021 15:53:00,IPR20017_PSBANK,PSBANK,PSBANK,enterprise,full-mesh,20017,per-ce,,,,,
26/03/2021 15:53:00,IPR20018_EWBANK,EWBANK,EWBANK,enterprise,full-mesh,20018,per-ce,,,,,
26/03/2021 15:53:00,IPR20019_AUBANK,AUBANK,AUBANK,enterprise,full-mesh,20019,per-ce,,,,,
26/03/2021 15:53:00,IPR20020_LBCXPRS,LBCXPRS,LBCXPRS,enterprise,full-mesh,20020,per-ce,,,,,
26/03/2021 15:53:00,IPR20021_RCBCVPN,RCBCVPN,RCBCVPN,enterprise,full-mesh,20021,per-ce,,,,,
26/03/2021 15:53:00,IPR20022_ROB-SAV,ROB-SAV,ROB-SAV,enterprise,full-mesh,20022,per-ce,,,,,
26/03/2021 15:53:00,IPR20023_BPI03,BPI03,BPI03,enterprise,full-mesh,20023,per-ce,,,,,
26/03/2021 15:53:00,IPR20024_BIGGAME,BIGGAME,BIGGAME,enterprise,full-mesh,20024,per-ce,,,,,
26/03/2021 15:53:00,IPR20025_AMBER,AMBER,AMBER,enterprise,full-mesh,20025,per-ce,,,,,
26/03/2021 15:53:00,IPR20026_MBTCDUO,MBTCDUO,MBTCDUO,enterprise,full-mesh,20026,per-ce,,,,,
26/03/2021 15:53:00,IPR20027_JRSBC,JRSBC,JRSBC,enterprise,full-mesh,20027,per-ce,,,,,
26/03/2021 15:53:00,IPR20028_ONEFOOD,ONEFOOD,ONEFOOD,enterprise,full-mesh,20028,per-ce,,,,,
26/03/2021 15:53:00,IPR20029_METBANK,METBANK,METBANK,enterprise,full-mesh,20029,per-vrf,,,,,
26/03/2021 15:53:00,IPR20030_PHILBUS,PHILBUS,PHILBUS,enterprise,full-mesh,20030,per-vrf,,,,,
26/03/2021 15:53:00,IPR20031_IPTVMVPN,IPTVMVPN,IPTVMVPN,enterprise,full-mesh,20031,per-ce,,,,,
26/03/2021 15:53:00,IPR20033_IPTSNCR,FTTH_NMS,FTTH_NMS,enterprise,full-mesh,20033,per-ce,,,,,
26/03/2021 15:53:00,IPR20034_LIFELNE,LIFELNE,LIFELNE,enterprise,full-mesh,20034,per-ce,,,,,
26/03/2021 15:53:00,IPR20035_GRNCRSS,GRNCRSS,GRNCRSS,enterprise,full-mesh,20035,per-ce,,,,,
26/03/2021 15:53:00,IPR20037_BEEP88,BEEP88 TECHNOLOGICAL VENTURES INC.,BTVI02,enterprise,full-mesh,35001,per-ce,per-instance,,,,
26/03/2021 15:53:00,IPR23361_UCPBVPN,UNITED COCONUT PLANTERS BANK,UCPB01,enterprise,full-mesh,23361,per-ce,,,,,
26/03/2021 15:53:00,IPR30003_BNG_PORTAL,PLDT,PLDT_BNG_PORTAL,infra,full-mesh,30003,per-ce,,,,,
26/03/2021 15:53:00,IPR30004_IT_LAN,SMART DMZ,SMART DMZ_IT LAN,infra,full-mesh,30004,per-ce,per-instance,,,,
26/03/2021 15:53:00,IPR30005_IT_DC,SMART DMZ,SMART DMZ_IT DC,infra,full-mesh,30005,per-ce,per-instance,,,,
26/03/2021 15:53:00,IPR30006_SECUREDNS,SMART_DMZ,SMART_DMZ_SECUREDNS,infra,full-mesh,30006,per-ce,per-instance,,,,
26/03/2021 15:53:00,IPR30011_IPTVMVPN,PLDT IPTV MULTICAST,PLDT IPTV MULTICAST ASBR,enterprise,full-mesh,30011,,,,,,
26/03/2021 15:53:00,IPR30012_NGNSIG,PLDT_NGNSIG,PLDT_NGNSIG,infra,full-mesh,30012,per-ce,per-instance,,,,
26/03/2021 15:53:00,IPR30024_SERVICE_CENTER,PLDT SMART SERVICE CENTER,SERVICE_CENTER,infra,full-mesh,30024,,per-instance,,,,
26/03/2021 15:53:00,IPR30031_IPTVMVPN,PLDT IPTV MULTICAST,PLDT IPTV MULTICAST,enterprise,full-mesh,30031,,,,,,
26/03/2021 15:53:00,IPR30044_HUANMS,PLDT_HUANMS,PLDT_HUANMS,infra,full-mesh,30044,per-ce,per-instance,,,,
26/03/2021 15:53:00,IPR30071_WAVION,PLDT_WAVION,PLDT_WAVION,infra,full-mesh,30071,,,,,,
26/03/2021 15:53:00,IPR30076_IPTV,PLDT_IPTV,PLDT_IPTV,infra,full-mesh,30076,per-vrf,per-instance,,,,
26/03/2021 15:53:00,IPR3007_BDO,"BDO UNIBANK, INC.",BDO01,enterprise,full-mesh,3007,per-ce,per-instance,,,,
26/03/2021 15:53:00,IPR3008_TELETEC,Teletech Customer Care Management Phils. Inc.,TCCMP01,enterprise,full-mesh,3008,per-vrf,,,,,
26/03/2021 15:53:00,IPR3009_WESTERN,MARIUS HOLDINGS CORPORATION,MHC04,enterprise,full-mesh,3009,,per-instance,,,,
26/03/2021 15:53:00,IPR30107_TELCOSYS,PLDT TELCOSYS,PLDT TELCOSYS,enterprise,full-mesh,30107,,per-instance,,,,
26/03/2021 15:53:00,IPR30116_FIBERHOME,MERALCO,MERAL01,infra,full-mesh,30116,per-ce,per-instance,,,,
26/03/2021 15:53:00,IPR30121_UNIFIED_NMS,SMART,SMART UNIFIED NMS,infra,full-mesh,30121,,,,,,
26/03/2021 15:53:00,IPR3012_ROSE,"ROSE PHARMACY, INC.",RPI15,enterprise,full-mesh,3012,,,,,,
26/03/2021 15:53:00,IPR3013_GOLDARC,GOLDEN ARCHES DEVELOPMENT CORPORATION,GADC01,enterprise,full-mesh,3013,per-ce,per-instance,,,,
26/03/2021 15:53:00,IPR3023_SUNLIFE,SUN LIFE OF CANADA PHILS INC (SUN LIFE ASSURANCE),SACC01,enterprise,full-mesh,3023,,,,,,
26/03/2021 15:53:00,IPR3026_WATSONS,FAMILYHEALTH & BEAUTY CORP.,F&BC01,enterprise,full-mesh,3026,per-ce,per-instance,,,,
26/03/2021 15:53:00,IPR3027_GIGAHTZ,NATIONAL POLICE COMMISSION REGION TWO,GCS05,enterprise,full-mesh,3027,per-ce,,,,,
26/03/2021 15:53:00,IPR3030_WEALTH,WEALTH DEVELOPMENT BANK CORPORATION,WDBC01,enterprise,full-mesh,3030,,per-instance,,,,
26/03/2021 15:53:00,IPR3033_CINDERE,CINDERELLA MARKETING CORPORATION,CMC02,enterprise,full-mesh,3033,per-ce,per-instance,,,,
26/03/2021 15:53:00,IPR3034_PACIFIC,Pacific Online Systems Corporation-Visayas,PO04,enterprise,full-mesh,3034,,,,,,
26/03/2021 15:53:00,IPR3038_MERCURY,MERCURY DRUG CORP.,MD01,enterprise,full-mesh,3038,per-ce,per-instance,,,,
26/03/2021 15:53:00,IPR3042_NBSTORE,"NATIONAL BOOK STORE, INC.",NBI01,enterprise,full-mesh,3042,per-ce,per-instance,,,,
26/03/2021 15:53:00,IPR3044_YELLOWC,"Teriyaki Boy Group, Inc.",TBGI01,enterprise,full-mesh,3044,per-ce,,,,,
26/03/2021 15:53:00,IPR3045_YSACARE,YSA Skin Care Center - Branch 13 SM Lipa,YSCC-25,enterprise,full-mesh,3045,per-ce,,,,,
26/03/2021 15:53:00,IPR3046_INSULAR,"THE INSULAR LIFE ASSURANCE COMPANY, LTD.",ILACL01,enterprise,full-mesh,3046,,,,,,
26/03/2021 15:53:00,IPR3057_HONDA-C,HONDACARSPHILIPPINESINCORPORATED,HCPI01,enterprise,full-mesh,3057,,per-instance,,,,
26/03/2021 15:53:00,IPR3059_PRULIFE,PRU LIFE INSURANCE CORPORATION OF U.K.,PLICU01,enterprise,full-mesh,3059,per-ce,,,,,
26/03/2021 15:53:00,IPR3060_BOARDWK,BOARDWALK BUSINESS VENTURES INC.,BBVI01,enterprise,full-mesh,3060,,,,,,
26/03/2021 15:53:00,IPR3061_SUYEN,SUYENCORPORATION,SC(01,enterprise,full-mesh,3061,,per-instance,,,,
26/03/2021 15:53:00,IPR3063_ABOITIZ,"2GO EXPRESS, INC.",AATC01,enterprise,full-mesh,3063,per-ce,,,,,
26/03/2021 15:53:00,IPR3064_ALLIED,ALLIEDBANKINGCORPORATION,ABC02,enterprise,full-mesh,3064,,per-instance,,,,
26/03/2021 15:53:00,IPR3067_RUSTANS,RUSTAN COFFEE CORPORATION,RCC06,enterprise,full-mesh,3067,,,,,,
26/03/2021 15:53:00,IPR3068_PJLHUIL,P.J. LHUILLIER INC.,PLI02,enterprise,full-mesh,3068,per-ce,per-instance,,,,
26/03/2021 15:53:00,IPR3074_PGMC,PHILIPPINE GAMING MANAGEMENT CORPORATION,PGMC02,enterprise,full-mesh,3074,,,,,,
26/03/2021 15:53:00,IPR3075_MTTRADE,"BANK OF MAKATI (A RURAL BANK), INC.",RBMI01,enterprise,full-mesh,3075,per-ce,per-instance,,,,
26/03/2021 15:53:00,IPR3077_BINGO,BINGO BONANZA CORPORATION,BBC01,enterprise,full-mesh,3077,per-ce,,,,,
26/03/2021 15:53:00,IPR30800_FTTH_NMS,PLDT_FTTH_NMS,PLDT_FTTH_NMS,infra,full-mesh,30800,per-ce,per-instance,,,,
26/03/2021 15:53:00,IPR3080_HBC,HBCINC.,HBC01,enterprise,full-mesh,3080,,per-instance,,,,
26/03/2021 15:53:00,IPR30903_FTTH_VoIP_Prod,PLDT_FTTH_VoIP_Prod,PLDT_FTTH_VoIP_Prod,infra,full-mesh,30903,per-vrf,per-instance,,,,
26/03/2021 15:53:00,IPR3094_CHINA,CHINA BANKING CORPORATION,CBC01,enterprise,full-mesh,3094,per-ce,per-instance,,,,
26/03/2021 15:53:00,IPR3098_FOODA,FOODA SAVERSMART CORP,FSC05,enterprise,full-mesh,3098,,per-instance,,,,
26/03/2021 15:53:00,IPR3099_COCACOL,"COCA-COLA BEVERAGES PHILIPPINES, INC.",CCBP01,enterprise,full-mesh,3099,per-ce,,,,,
26/03/2021 15:53:00,IPR3101_BELREWM,Belrewmond Trading Inc. - BR 22 SM City Lipa,BTI-B13,enterprise,full-mesh,3101,per-ce,,,,,
26/03/2021 15:53:00,IPR3104_PHILBUS,PHILIPPINE BUSINESS BANK,PBB01,enterprise,full-mesh,3104,per-ce,per-instance,,,,
26/03/2021 15:53:00,IPR3109_CANON,"CANON MARKETING PHILIPPINES, INC.",CMPI01,enterprise,full-mesh,3109,,,,,,
26/03/2021 15:53:00,IPR3110_BOC,BANK OF COMMERCE,BC03,enterprise,full-mesh,3110,,,,,,
26/03/2021 15:53:00,IPR3115_PNB,PHILIPPINE NATIONAL BANK,PNB01,enterprise,full-mesh,3115,per-ce,per-instance,,,,
26/03/2021 15:53:00,IPR3124_RCBC,RIZAL COMMERCIAL BANKING CORPORATION-DATA,RCBC01,enterprise,full-mesh,3124,,,,,,
26/03/2021 15:53:00,IPR3128_TAI-PAN,First Pacific Fortune Commercial Corp.,FPFCC01,enterprise,full-mesh,3128,,per-instance,,,,
26/03/2021 15:53:00,IPR3130_CATS,AUTO NATION GROUP INC.,ANGI10,enterprise,full-mesh,3130,,,,,,
26/03/2021 15:53:00,IPR3133_ARGENT,"MEDFORD RX SOLUTIONS, INC.",MRSI09,enterprise,full-mesh,3133,per-ce,,,,,
26/03/2021 15:53:00,IPR3135_SECBANK,SECURITY BANK CORPORATION,SB&TC01,enterprise,full-mesh,3135,per-ce,per-instance,,,,
26/03/2021 15:53:00,IPR3153_STERLNG,STERLING BANK OF ASIA INC. (A SAVINGS BANK),SBAIS01,enterprise,full-mesh,3153,,,,,,
26/03/2021 15:53:00,IPR3154_BEAUTYP,BEAUTY PROFILE CORPORATION,BPC06,enterprise,full-mesh,3154,per-ce,per-instance,,,,
26/03/2021 15:53:00,IPR3157_EXECUTV,"EXECUTIVE OPTICAL, INC.",EOI02,enterprise,full-mesh,3157,per-ce,,,,,
26/03/2021 15:53:00,IPR3162_EPLDT,"ePLDT, Inc.",EPLDT01,enterprise,full-mesh,3162,,,,,,
26/03/2021 15:53:00,IPR3164_STRADCM,STRADCOM CORP.,SC02,enterprise,full-mesh,3164,per-ce,per-instance,,,,
26/03/2021 15:53:00,IPR3172_BDO_NET,"BDO UNIBANK, INC.",BDO01,enterprise,full-mesh,3172,per-ce,per-instance,,,,
26/03/2021 15:53:00,IPR3175_METBANK,METROPOLITAN BANK AND TRUST CO.,MBATC01,enterprise,full-mesh,3175,per-ce,per-instance,,,,
26/03/2021 15:53:00,IPR3179_GOLDLCS,"GOLDILOCKS BAKESHOP, INC.",GBSI01,enterprise,full-mesh,3179,per-ce,,,,,
26/03/2021 15:53:00,IPR3181_PSBANK,PHILIPPINE SAVINGS BANK,PSB01,enterprise,full-mesh,3181,per-ce,per-instance,,,,
26/03/2021 15:53:00,IPR3182_MEDCARD,MEDICARD PHILIPPINES INCORPORATED,MPI14,enterprise,full-mesh,3182,per-ce,,,,,
26/03/2021 15:53:00,IPR3185_FAMILY,SHAKEY'S PIZZA ASIA VENTURES INC.,IFFSI01,enterprise,full-mesh,3185,,per-instance,,,,
26/03/2021 15:53:00,IPR3187_WILCON,"WILCON DEPOT, INC.",WDI08,enterprise,full-mesh,3187,per-ce,,,,,
26/03/2021 15:53:00,IPR3188_PHILPIB,"Philpacific Insurance Brokers & Managers, Inc.",PIB&M01,enterprise,full-mesh,3188,,,,,,
26/03/2021 15:53:00,IPR3191_NIPPON,NIPPON EXPRESS PHILIPPINES CORPORATION,NEPC02,enterprise,full-mesh,3191,per-ce,,,,,
26/03/2021 15:53:00,IPR3195_STORE,STORES SPECIALISTS INC.,SSI02,enterprise,full-mesh,3195,,per-instance,,,,
26/03/2021 15:53:00,IPR3198_EMCOR,EMCOR,EMCOR05,enterprise,full-mesh,3198,,,,,,
26/03/2021 15:53:00,IPR3199_JKING,"J.KING&SONSCOMPANY,INCORPORATED",JK&SC01,enterprise,full-mesh,3199,,per-instance,,,,
26/03/2021 15:53:00,IPR3200_PURGOLD,"Puregold Price Club, Incorporated",PPCI01,enterprise,full-mesh,3200,per-ce,,,,,
26/03/2021 15:53:00,IPR3201_MASS-SP,MASS-SPECC Cooperative Development Center,MSDC01,enterprise,full-mesh,3201,,per-instance,,,,
26/03/2021 15:53:00,IPR3205_PETRON,PETRON SERVICE STATION,PP01,enterprise,full-mesh,3205,,per-instance,,,,
26/03/2021 15:53:00,IPR3211_FCBANK,FIRST CONSOLIDATED BANK,FCB04,enterprise,full-mesh,3211,per-ce,per-instance,,,,
26/03/2021 15:53:00,IPR3219_ROBNSON,ROBINSONS SUPERMARKET CORP.,RS03,enterprise,full-mesh,3219,per-ce,per-instance,,,,
26/03/2021 15:53:00,IPR3220_VETERAN,PHILIPPINE VETERANS BANK,PVB01,enterprise,full-mesh,3220,,,,,,
26/03/2021 15:53:00,IPR3222_IMPRIAL,IMPERIAL APPLIANCE PLAZA,VIAC01,enterprise,full-mesh,3222,,per-instance,,,,
26/03/2021 15:53:00,IPR3223_SM-SVI,SM INVESTMENTS CORPORATION,SIC09,enterprise,full-mesh,3223,per-ce,per-instance,,,,
26/03/2021 15:53:00,IPR3232_EWBANK,EAST WEST BANKING CORPORATION,EWB01,enterprise,full-mesh,3232,per-ce,per-instance,,,,
26/03/2021 15:53:00,IPR3249_1VBANK,"1st Valley Bank, Inc., A Rural Bank",1VBIR01,enterprise,full-mesh,3249,,per-instance,,,,
26/03/2021 15:53:00,IPR3284_SNROQUE,"SAN ROQUE SUPERMARKET RETAIL SYSTEMS, INC.",SRSRS01,enterprise,full-mesh,3284,per-ce,per-instance,,,,
26/03/2021 15:53:00,IPR3289_PSSLOAN,PUBLIC SAFETY SAVINGS AND LOAN ASSOCIATION (PSSLA) INC.,PSSLA01,enterprise,full-mesh,3289,per-ce,,,,,
26/03/2021 15:53:00,IPR3290_DBP,DEVELOPMENT BANK OF THE PHILIPPINES,DBP01,enterprise,full-mesh,3290,,,,,,
26/03/2021 15:53:00,IPR3294_AIR21,AIRFREIGHT 2100 INCORPORATED,A2I01,enterprise,full-mesh,3294,,,,,,
26/03/2021 15:53:00,IPR3301_GRNBANK,"Green Bank (A Rural Bank), Inc.",GBCI03,enterprise,full-mesh,3301,,,,,,
26/03/2021 15:53:00,IPR3302_NATCCO,MSU-IIT MULTI-PURPOSE COOPERATIVE,MEMPC03,enterprise,full-mesh,3302,,per-instance,,,,
26/03/2021 15:53:00,IPR3305_BOYSEN,"PACIFICPAINT(BOYSEN)PHILIPPINES,INC.",PPBPI01,enterprise,full-mesh,3305,,per-instance,,,,
26/03/2021 15:53:00,IPR3306_FLNVEST,"Filinvest Land, Inc.",FLI04,enterprise,full-mesh,3306,,,,,,
26/03/2021 15:53:00,IPR3307_LJCMGMT,"SM PRIME HOLDINGS, INC. (SM MALL OF ASIA)",SI-MA01,enterprise,full-mesh,3307,,per-instance,,,,
26/03/2021 15:53:00,IPR3315_MAPFRE,Mapfre Insular Insurance Corporation,MIIC01,enterprise,full-mesh,3315,per-ce,,,,,
26/03/2021 15:53:00,IPR3326_AUBANK,ASIA UNITED BANK CORP.,AUBC01,enterprise,full-mesh,3326,per-ce,per-instance,,,,
26/03/2021 15:53:00,IPR3332_ANDOKS,ANDOKS LITSON CORPORATION,ALC17,enterprise,full-mesh,3332,per-ce,per-instance,,,,
26/03/2021 15:53:00,IPR3346_DUNKIN,GOLDEN DONUTS INCORPORATED,GDI01,enterprise,full-mesh,3346,,,,,,
26/03/2021 15:53:00,IPR3361_UCPBVPN,UNITED COCONUT PLANTERS BANK,UCPB01,enterprise,full-mesh,3361,per-ce,per-instance,,,,
26/03/2021 15:53:00,IPR3366_CARDBNK,"Card Bank, Inc.",CBI04,enterprise,full-mesh,3366,,,,,,
26/03/2021 15:53:00,IPR3367_UCPBSAV,UCPB SAVINGS BANK,USB01,enterprise,full-mesh,3367,,per-instance,,,,
26/03/2021 15:53:00,IPR3374_LBCXPRS,LBC EXPRESS INC.,LEI12,enterprise,full-mesh,3374,per-ce,per-instance,,,,
26/03/2021 15:53:00,IPR3381_LARES,Luzon Development Bank,LDB01,enterprise,full-mesh,3381,per-ce,,,,,
26/03/2021 15:53:00,IPR3382_TOYOTA,"TOYOTA VALENZUELA, INC.",TVI60,enterprise,full-mesh,3382,,per-instance,,,,
26/03/2021 15:53:00,IPR3383_EQUICOM,EQUITABLE COMPUTER SERVICES INC.,ECSI01,enterprise,full-mesh,3383,per-ce,per-instance,,,,
26/03/2021 15:53:00,IPR3393_VICSAL,"METRO RETAIL STORES GROUP, INC.",MRSCI01,enterprise,full-mesh,3393,per-ce,,,,,
26/03/2021 15:53:00,IPR3397_PIONEER,Pioneer Life Inc.,PLI04,enterprise,full-mesh,3397,,,,,,
26/03/2021 15:53:00,IPR3398_PNBLIFE,"ALLIANZ PNB LIFE INSURANCE, INC.",PLII02,enterprise,full-mesh,3398,,,,,,
26/03/2021 15:53:00,IPR3423_ACDI,ACDI MULTIPURPOSE COOPERATIVE,ACC28,enterprise,full-mesh,3423,,,,,,
26/03/2021 15:53:00,IPR3426_BSP,BANGKO SENTRAL NG PILIPINAS,BSNP01,enterprise,full-mesh,3426,,per-instance,,,,
26/03/2021 15:53:00,IPR3429_AVON,AVON COSMETICS INCORPORATED,ACI01,enterprise,full-mesh,3429,per-ce,per-instance,,,,
26/03/2021 15:53:00,IPR3434_UNION,UNION BANK OF THE PHILS.,UBP01,enterprise,full-mesh,3434,,,,,,
26/03/2021 15:53:00,IPR3446_DAV-CTH,DAVAO CITIHARDWARE INC.,DCI10,enterprise,full-mesh,3446,per-ce,per-instance,,,,
26/03/2021 15:53:00,IPR3450_TANAY,TANAY RBANK. INC.,TRBI01,enterprise,full-mesh,3450,,,,,,
26/03/2021 15:53:00,IPR3461_SHOECAT,VIVENDI CORPORATION,VC29,enterprise,full-mesh,3461,,,,,,
26/03/2021 15:53:00,IPR3467_CHNTRST,CTBC BANK (PHILIPPINES) CORP.,CT(C01,enterprise,full-mesh,3467,,per-instance,,,,
26/03/2021 15:53:00,IPR3480_BANCNET,CITY SAVINGS BANK INC.,CSB01,enterprise,full-mesh,3480,,per-instance,,,,
26/03/2021 15:53:00,IPR3493_ADKONEK,Advancekonek Enterprise,AE14,enterprise,full-mesh,3493,per-ce,,,,,
26/03/2021 15:53:00,IPR3499_SUMISHO,Sumisho Motor Finance Corporation,SMFC01,enterprise,full-mesh,3499,,,,,,
26/03/2021 15:53:00,IPR3503_PRBANK,CITY SAVINGS BANK INC.,CSB01,enterprise,full-mesh,3503,,per-instance,,,,
26/03/2021 15:53:00,IPR3508_TOYFIN,TOYOTA FINANCIAL SERVICES PHILIPPINES CORPORATION,TFSPC01,enterprise,full-mesh,3508,,per-instance,,,,
26/03/2021 15:53:00,IPR3519_PNSONIC,PANASONIC MANUFACTURING PHILIPPINES CORPORATION,MEPC01,enterprise,full-mesh,3519,,,,,,
26/03/2021 15:53:00,IPR3521_WIDEREF,ARC REFRESHMENTS CORPORATION,ARC255,enterprise,full-mesh,3521,,,,,,
26/03/2021 15:53:00,IPR3530_COUNTRY,"COUNTRY BUILDERS BANK, INC. (A RURAL BANK)",CRB04,enterprise,full-mesh,3530,,per-instance,,,,
26/03/2021 15:53:00,IPR3533_PRODBNK,PRODUCERS SAVINGS BANK CORPORATION,PRBC02,enterprise,full-mesh,3533,,,,,,
26/03/2021 15:53:00,IPR3542_KNTETSU,KINTETSU WORLD EXPRESS INCORPORATED,KWEI01,enterprise,full-mesh,3542,,per-instance,,,,
26/03/2021 15:53:00,IPR3544_BOIDATA,BUREAU OF IMMIGRATION,BI28,enterprise,full-mesh,3544,,,,,,
26/03/2021 15:53:00,IPR3547_PSMT,KAREILA MANAGEMENT CORPORATION,KMC12,enterprise,full-mesh,3547,per-ce,per-instance,,,,
26/03/2021 15:53:00,IPR3566_SUPER8,"SUPER 8 RETAIL SYSTEMS, INC.",S8RSI01,enterprise,full-mesh,3566,,per-instance,,,,
26/03/2021 15:53:00,IPR3585_GAICORP,Grand Alphatech International Corporation,GAIC08,enterprise,full-mesh,3585,,,,,,
26/03/2021 15:53:00,IPR3596_TOYOMAN,TOYOTA MANILA BAY CORPORATION,TMBC(01,enterprise,full-mesh,3596,per-ce,per-instance,,,,
26/03/2021 15:53:00,IPR3598_AFPMBAI,"ARMED FORCES AND POLICE MUTUAL BENEFIT ASSOCIATION, INC.",AFP02,enterprise,full-mesh,3598,per-ce,,,,,
26/03/2021 15:53:00,IPR3604_MAYBANK,"MaybankPhilippines,Incorporated",MPI07,enterprise,full-mesh,3604,,per-instance,,,,
26/03/2021 15:53:00,IPR3605_AMWAY,AMWAY PHILIPPINES CORP.,APC02,enterprise,full-mesh,3605,,,,,,
26/03/2021 15:53:00,IPR3611_GCAFORD,"GLOBAL CITY AUTO SALES, INC.",GCASI01,enterprise,full-mesh,3611,,,,,,
26/03/2021 15:53:00,IPR3615_LNDBANK,LAND BANK OF THE PHILIPPINES,LBP01,enterprise,full-mesh,3615,per-ce,per-instance,,,,
26/03/2021 15:53:00,IPR3616_RCBCVPN,RIZAL COMMERCIAL BANKING CORPORATION-DATA,RCBC01,enterprise,full-mesh,3616,per-ce,per-instance,,,,
26/03/2021 15:53:00,IPR3619_NETNFRA,CITY SAVINGS BANK INC.,CSB01,enterprise,full-mesh,3619,per-ce,,,,,
26/03/2021 15:53:00,IPR3626_BANKONE,Bank One Savings and Trust Corporation,BOSTC01,enterprise,full-mesh,3626,per-ce,per-instance,,,,
26/03/2021 15:53:00,IPR3634_AGPI,EMORY INC,EI684,enterprise,full-mesh,3634,,per-instance,,,,
26/03/2021 15:53:00,IPR3635_CWMRKTG,CW MARKETING & DEVELOPMENT CORPORATION,CM&DC01,enterprise,full-mesh,3635,,,,,,
26/03/2021 15:53:00,IPR3636_ALLIED2,PHILIPPINE NATIONAL BANK,PNB01,enterprise,full-mesh,3636,,,,,,
26/03/2021 15:53:00,IPR3666_MNDALAY,"BRIA HOMES, INC",BHI14,enterprise,full-mesh,3666,,per-instance,,,,
26/03/2021 15:53:00,IPR3668_TRUNET,"Trunet Digital Koncepts, Inc",TDKI01,enterprise,full-mesh,3668,,,,,,
26/03/2021 15:53:00,IPR3672_VLLACAR,"RURAL TRANSIT, INC.",RTI18,enterprise,full-mesh,3672,,,,,,
26/03/2021 15:53:00,IPR3673_QUALPI,QUALITY PROPERTIES INCORPORATED,QPI10,enterprise,full-mesh,3673,per-ce,per-instance,,,,
26/03/2021 15:53:00,IPR3674_YAKULT,Yakult Marketing Corporation,YMC03,enterprise,full-mesh,3674,,per-instance,,,,
26/03/2021 15:53:00,IPR3685_KOFC,KNIGHTS OF COLUMBUS,KCFA02,enterprise,full-mesh,3685,,,,,,
26/03/2021 15:53:00,IPR3689_PRDNTLG,PRUDENTIAL GUARANTEE AND ASSURANCE INCORPORATED,PGAAI01,enterprise,full-mesh,3689,,per-instance,,,,
26/03/2021 15:53:00,IPR3690_JFC,JOLLIBEE FOODS CORP.,JFC03,enterprise,full-mesh,3690,,,,,,
26/03/2021 15:53:00,IPR3696_ORCHARD,OrchardPropertyMarketingCorp,OPMC01,enterprise,full-mesh,3696,,per-instance,,,,
26/03/2021 15:53:00,IPR3705_GENTLE,"GENTLE SUPREME PHILIPPINES, INC.",GSPI02,enterprise,full-mesh,3705,,per-instance,,,,
26/03/2021 15:53:00,IPR3710_PENSULA,PENINSULARURALBANKINCORPORATED,PRBI01,enterprise,full-mesh,3710,,per-instance,,,,
26/03/2021 15:53:00,IPR3713_MAXCARE,MAXICARE HEALTHCARE CORP.,PHPI02,enterprise,full-mesh,3713,per-ce,,,,,
26/03/2021 15:53:00,IPR3719_ZUELLIG,ZUELLIG PHARMA CORPORATION,ZPC01,enterprise,full-mesh,3719,per-ce,per-instance,,,,
26/03/2021 15:53:00,IPR3726_ASIANTI,ASIANTERMINALSINC.,ATI03,enterprise,full-mesh,3726,per-ce,,,,,
26/03/2021 15:53:00,IPR3729_HAMMAD,KOCMA'S OCCHIALI CORPORATION,KOC02,enterprise,full-mesh,3729,per-ce,per-instance,,,,
26/03/2021 15:53:00,IPR3770_KWASAKI,KAWASAKI MOTORS PHILS CORP,KM1C01,enterprise,full-mesh,3770,per-ce,per-instance,,,,
26/03/2021 15:53:00,IPR3780_EPCREAN,Epicurean Partners Exchange Inc.,EPEI01,enterprise,full-mesh,3780,per-ce,per-instance,,,,
26/03/2021 15:53:00,IPR3782_MERALCO,MERALCO,MERAL01,enterprise,full-mesh,3782,,per-instance,,,,
26/03/2021 15:53:00,IPR3790_ROB_SAV,ROBINSONS BANK CORPORATION,RSB01,enterprise,full-mesh,3790,per-ce,per-instance,,,,
26/03/2021 15:53:00,IPR3791_TAGUM,Tagum Cooperative,TC103,enterprise,full-mesh,3791,,,,,,
26/03/2021 15:53:00,IPR3796_DEPTAG,DEPARTMENT OF AGRICULTURE,DAOS01,enterprise,full-mesh,3796,,,,,,
26/03/2021 15:53:00,IPR3825_GUSINC,GRAND UNION SUPERMARKET INCORPORATED,GUSI01,enterprise,full-mesh,3825,per-ce,per-instance,,,,
26/03/2021 15:53:00,IPR3827_ORIXMET,ORIX METRO LEASING & FINANCE CORPORATION,FML&F01,enterprise,full-mesh,3827,,,,,,
26/03/2021 15:53:00,IPR3837_SMFI,"SAN MIGUEL FOODS, INC.",SMFI01,enterprise,full-mesh,3837,per-ce,,,,,
26/03/2021 15:53:00,IPR3844_SUYSING,SUY SING COMMERCIAL CORPORATION,SSCC01,enterprise,full-mesh,3844,per-ce,,,,,
26/03/2021 15:53:00,IPR3848_DHLXPRS,"DHL SUPPLY CHAIN PHILS., INC.",ELMPI01,enterprise,full-mesh,3848,per-ce,per-instance,,,,
26/03/2021 15:53:00,IPR3852_PBCOM1,PHIL. BANK OF COMMUNICATIONS,PBC01,enterprise,full-mesh,3852,,,,,,
26/03/2021 15:53:00,IPR3860_BLUE,"BLUEFIELDSTRADINGPOST,INC.",BFTPI01,enterprise,full-mesh,3860,,per-instance,,,,
26/03/2021 15:53:00,IPR3867_AVENTUS,AVENTUS MEDICAL CARE INC.,AMCI12,enterprise,full-mesh,3867,,,,,,
26/03/2021 15:53:00,IPR3892_PRC,PROFESSIONAL REGULATION COMMISSION,PRC04,enterprise,full-mesh,3892,,,,,,
26/03/2021 15:53:00,IPR39000_ONEACCESS,PLDT_ONEACCESS,PLDT_ONEACCESS,infra,full-mesh,39000,per-ce,,,,,
26/03/2021 15:53:00,IPR3913_UNIROB,PRIME MKTG AND DIST INC,PMDI08,enterprise,full-mesh,3913,,per-instance,,,,
26/03/2021 15:53:00,IPR3921_GSIS2,GOVERNMENT SERVICE INSURANCE SYSTEM,GSIS01,enterprise,full-mesh,3921,,,,,,
26/03/2021 15:53:00,IPR3926_BPI03,BANK OF THE PHILIPPINE ISLANDS,BPI01,enterprise,full-mesh,3926,per-ce,per-instance,,,,
26/03/2021 15:53:00,IPR3941_ROBCORP,ROBINSONSLANDCORPORATION,RLC01,enterprise,full-mesh,3941,,,,,,
26/03/2021 15:53:00,IPR3947_INGAS,INGASCO INCORPORATED,II01,enterprise,full-mesh,3947,,per-instance,,,,
26/03/2021 15:53:00,IPR3957_POLAR,Polar Bear Freezing and Storage (POBECO) Corporation,PBFSP01,enterprise,full-mesh,3957,per-ce,per-instance,,,,
26/03/2021 15:53:00,IPR3964_SEPCO,SAMSUNG ELECTRONICS PHILS. CORP.,SMC06,enterprise,full-mesh,3964,,,,,,
26/03/2021 15:53:00,IPR3979_FELCRIS,FELCRIS SUPERMARKET INCORPORATED,FSI02,enterprise,full-mesh,3979,,,,,,
26/03/2021 15:53:00,IPR3986_BIGGAME,BIGGAME INC.,BGI08,enterprise,full-mesh,3986,per-ce,per-instance,,,,
26/03/2021 15:53:00,IPR3989_AJINMTO,AJINOMOTOPHILIPPINESCORPORATION,UAI01,enterprise,full-mesh,3989,,per-instance,,,,
26/03/2021 15:53:00,IPR39983_RADNMS,RAD DEMARC MGMT VRF,RADNMS,enterprise,full-mesh,39983,per-ce,per-instance,,,,
26/03/2021 15:53:00,IPR3998_PRINCE,PRGPRINCEMANAGEMENTSERVICESCORPORATION,PPMSC03,enterprise,full-mesh,3998,,per-instance,,,,
26/03/2021 15:53:00,IPR40000_ABIS,SMART,SMART_ABIS,infra,hub-and-spoke,40000,per-ce,per-instance,,50000.0,,
26/03/2021 15:53:00,IPR40001_IUB,SMART_IUB,SMART_IUB,infra,hub-and-spoke,40001,per-ce,per-instance,,50001.0,,
26/03/2021 15:53:00,IPR40002_SYNC,SMART_SYNC,SMART_SYNC,infra,hub-and-spoke,40002,per-ce,per-instance,,50002.0,,
26/03/2021 15:53:00,IPR40003_OAM,SMART_OAM,SMART_OAM,infra,hub-and-spoke,40003,per-ce,per-instance,,50003.0,,
26/03/2021 15:53:00,IPR40004_S1,SMART,SMART_S1,mobile,hybrid,40004,per-ce,per-instance,,50004.0,hybrid,full-mesh
26/03/2021 15:53:00,IPR40005_SIGTRAN,SMART_SIGTRAN,SMART_SIGTRAN,infra,full-mesh,40005,per-ce,per-instance,,,,
26/03/2021 15:53:00,IPR40006_VOIP,SMART,SMART_VOIP,infra,full-mesh,40006,per-ce,,,,,
26/03/2021 15:53:00,IPR40007_MBB,SMART,SMART_MBB,infra,full-mesh,40007,per-ce,,,,,
26/03/2021 15:53:00,IPR40008_GPRS,SMART,SMART GPRS,infra,full-mesh,40008,per-ce,,,,,
26/03/2021 15:53:00,IPR40010_SERVICE,SMART,SMART SERVICE,infra,full-mesh,40010,per-ce,,,,,
26/03/2021 15:53:00,IPR40011_MBP,SMART_DMZ,SMART_DMZ_MBP,infra,full-mesh,40011,per-ce,per-instance,,,,
26/03/2021 15:53:00,IPR40014_DMZ,SMART_DMZ,SMART_DMZ,infra,full-mesh,40014,per-ce,per-instance,,,,
26/03/2021 15:53:00,IPR40016_DATA_SYNC,SMART,SMART_DATA_SYNC,infra,full-mesh,40016,per-ce,per-instance,,,,
26/03/2021 15:53:00,IPR40017_WIFI,SMART,SMART WIFI,infra,full-mesh,40017,per-ce,,,,,
26/03/2021 15:53:00,IPR40018_FMS,SMART,SMART_FMS,infra,hub-and-spoke,40018,per-ce,per-instance,,50018.0,,
26/03/2021 15:53:00,IPR40020_DMZ-NL2,SMART,SMART DMZ NL2,infra,full-mesh,40020,,,,,,
26/03/2021 15:53:00,IPR40022_SMART-STORE,SMARTCOMMUNICATIONSINC.,SC08,infra,full-mesh,40022,,,,,,
26/03/2021 15:53:00,IPR40023_VOIP_IMS,SMART,SMART IMS,infra,full-mesh,40023,per-ce,,,,,
26/03/2021 15:53:00,IPR40024_SYNCNMS,PRTC_NMS,PRTC_DCN_NMS,infra,full-mesh,40024,per-ce,per-instance,,,,
26/03/2021 15:53:00,IPR40026_VOIP_IMS,SMART,SMART VOIP IMS,enterprise,full-mesh,40026,per-ce,per-instance,,,,
26/03/2021 15:53:00,IPR40027_SYNCNMS,CLA00633OSTC001_PRTC_DCN_NMS,PRTC_NMS,infra,full-mesh,40027,per-ce,per-instance,,,,
26/03/2021 15:53:00,IPR40124_NTP,SMART,SMART NTP,infra,full-mesh,40124,,,,,,
26/03/2021 15:53:00,IPR44071_USA-OM,SMART,SMART USA OM,infra,full-mesh,44071,,,,,,
26/03/2021 15:53:00,IPR44072_USA-SERVICES,SMART,SMART USA SERVICES,infra,full-mesh,44072,,,,,,
26/03/2021 15:53:00,IPR4515_SUNSHOP,SMART COMMUNICATIONS INC.,SC08,enterprise,full-mesh,4515,per-ce,per-instance,,,,
26/03/2021 15:53:00,IPR5203_CEBCFI,CEBU CFI COMMUNITY COOPERATIVE,CCCC06,enterprise,full-mesh,5203,,,,,,
26/03/2021 15:53:00,IPR5221_MEYWARE,DOXO INGREDIENTS INC.,DII49,enterprise,full-mesh,5221,,,,,,
26/03/2021 15:53:00,IPR5226_KSTI,K SERVICO TRADE INCORPORATED,KSTI01,enterprise,full-mesh,5226,,,,,,
26/03/2021 15:53:00,IPR5237_OFFWRH,"OFFICE WAREHOUSE, INC.",OWI01,enterprise,full-mesh,5237,,,,,,
26/03/2021 15:53:00,IPR5244_101RES,SOUTHEAST ASIA RETAIL INC.,SARI07,enterprise,full-mesh,5244,,,,,,
26/03/2021 15:53:00,IPR5263_SINAG,SINAG PAWNSHOP CORPORATION,SPC94,enterprise,full-mesh,5263,,,,,,
26/03/2021 15:53:00,IPR5270_DMLTB,Del Monte Land Transport Bus Company Inc.,DMLTB01,enterprise,full-mesh,5270,,,,,,
26/03/2021 15:53:00,IPR5282_PAMPBST,"Pampanga's Best, Inc.",PBI04,enterprise,full-mesh,5282,,,,,,
26/03/2021 15:53:00,IPR5283_AMBER,AMBER GOLDEN PLATE RESTAURANT CORPORATION,AGPRC01,enterprise,full-mesh,5283,per-ce,per-instance,,,,
26/03/2021 15:53:00,IPR5286_DPWH,"ePLDT,Inc.",EPLDT01,enterprise,full-mesh,5286,,per-instance,,,,
26/03/2021 15:53:00,IPR5301_PAL,PHILIPPINE AIRLINES,PA01,enterprise,full-mesh,5301,,per-instance,,,,
26/03/2021 15:53:00,IPR5324_LIFEBNK,LIFEBANK-ARURALBANK,LBRBM02,enterprise,full-mesh,5324,,per-instance,,,,
26/03/2021 15:53:00,IPR5344_HONDAPH,HONDA PHILIPPINES INC.,HPI(01,enterprise,full-mesh,5344,,per-instance,,,,
26/03/2021 15:53:00,IPR5349_CRDMIT,"CARD SME BANK, INC., A THRIFT BANK",CSBIT02,enterprise,full-mesh,5349,per-ce,,,,,
26/03/2021 15:53:00,IPR5364_LTS,"LTS COMMUNITY STORES, INC.",LAI06,enterprise,full-mesh,5364,,,,,,
26/03/2021 15:53:00,IPR5369_KINETIC,"KineticPhils.ElectricalConstruction,Inc.",KPECI01,enterprise,full-mesh,5369,,per-instance,,,,
26/03/2021 15:53:00,IPR5375_PLDTVPN,PLDT-CORPORATE BUSINESS GROUP,PBG02,enterprise,full-mesh,5375,per-ce,,,,,
26/03/2021 15:53:00,IPR5387_LMETKM,LIMKETKAI MANUFACTURING CORP,LMC09,enterprise,full-mesh,5387,,per-instance,,,,
26/03/2021 15:53:00,IPR5392_POLYIC,POLYLITE INDUSTRIAL CORPORATION,PIC532,enterprise,full-mesh,5392,,,,,,
26/03/2021 15:53:00,IPR5396_PDRICOS,PIZZA PEDRICOS,PP26,enterprise,full-mesh,5396,,,,,,
26/03/2021 15:53:00,IPR5401_ISUZU2,ISUZU AUTOMOTIVE DEALERSHIP INC.,IADI01,enterprise,full-mesh,5401,per-ce,per-instance,,,,
26/03/2021 15:53:00,IPR5419_STONINO,SR. STO. NINO DE CEBU RESOURCES & DEV. CORP.,SSNDC08,enterprise,full-mesh,5419,per-ce,per-instance,,,,
26/03/2021 15:53:00,IPR5426_MBTCDUO,METROPOLITAN BANK AND TRUST CO.,MBATC01,enterprise,full-mesh,5426,per-ce,per-instance,,,,
26/03/2021 15:53:00,IPR5431_TELEPHL,TELEPHILIPPINES INCORPORATED,TI06,enterprise,full-mesh,5431,,per-instance,,,,
26/03/2021 15:53:00,IPR5446_PGLWSN,"LAWSON PHILIPPINES, INC.",PLCI13,enterprise,full-mesh,5446,,,,,,
26/03/2021 15:53:00,IPR5448_PHLHLTH,PHILIPPINE HEALTH INSURANCE CORPORATION,PHIC01,enterprise,full-mesh,5448,per-ce,,,,,
26/03/2021 15:53:00,IPR5456_LSBI,"LEGAZPI SAVINGS BANK, INC.YOUR FRIENDLY THRIFT BANK SINCE 1976",LSBI-01,enterprise,full-mesh,5456,,,,,,
26/03/2021 15:53:00,IPR5469_FRESNS,RENAL SERVICES INCORPORATED,RSI08,enterprise,full-mesh,5469,per-ce,per-instance,,,,
26/03/2021 15:53:00,IPR5492_ZESTAI,PHILIPPINES AIRASIA INC.,ASAEC01,enterprise,full-mesh,5492,,per-instance,,,,
26/03/2021 15:53:00,IPR5495_LBP,LAND BANK OF THE PHILIPPINES,LBP01,enterprise,full-mesh,5495,,,,,,
26/03/2021 15:53:00,IPR5498_MALAYAN,MALAYAN INSURANCE COMPANY INCORPORATED,MICI01,enterprise,full-mesh,5498,,,,,,
26/03/2021 15:53:00,IPR5506_JGMINC,"JOLLIVILLEGROUPMANAGEMENT,INC.",JGMI06,enterprise,full-mesh,5506,,per-instance,,,,
26/03/2021 15:53:00,IPR5604_SMBINC,"SAN MIGUEL BREWERY, INC.",SMBD01,enterprise,full-mesh,5604,,,,,,
26/03/2021 15:53:00,IPR5615_FPHC,FG Bukidnon Power Corporation,FBPC01,enterprise,full-mesh,5615,,per-instance,,,,
26/03/2021 15:53:00,IPR5625_KATSU,"IPPUDO PHILIPPINES, INC.",IPI176,enterprise,full-mesh,5625,,per-instance,,,,
26/03/2021 15:53:00,IPR5627_BASF,"BASF AGRICULTURAL RESEARCH FOUNDATION, INC.",BARFI01,enterprise,full-mesh,5627,,,,,,
26/03/2021 15:53:00,IPR5642_AUBC2,ASIAUNITEDBANKCORP.,AUBC01,enterprise,full-mesh,5642,,per-instance,,,,
26/03/2021 15:53:00,IPR5661_SILVER,SILVER FINANCE INC.,SFI12,enterprise,full-mesh,5661,,,,,,
26/03/2021 15:53:00,IPR5686_EMSCAI,"EmsComponentsAssembly,Inc.",ECAI01,enterprise,full-mesh,5686,,,,,,
26/03/2021 15:53:00,IPR5727_IONE,DEPARTMENT OF SOCIAL WELFARE AND DEVELOPMENT,DSWAD01,enterprise,full-mesh,5727,,per-instance,,,,
26/03/2021 15:53:00,IPR6020_ODFJELL,"ODFJELL SHIP MANAGEMENT (PHILIPPINES), INC.",OSMPI03,enterprise,full-mesh,6020,,,,,,
26/03/2021 15:53:00,IPR6026_ASALUS2,ASALUS CORPORATION,PC05,enterprise,full-mesh,6026,,per-instance,,,,
26/03/2021 15:53:00,IPR6027_MKTDEV,MAKATI DEVELOPMENT CORPORATION,MDC02,enterprise,full-mesh,6027,,,,,,
26/03/2021 15:53:00,IPR6044_KPMG,"IPCONVERGEDATASERVICES,INC.",ICDSI01,enterprise,full-mesh,6044,,per-instance,,,,
26/03/2021 15:53:00,IPR6060_LOFALC,LEAGUE ONE FINANCE AND LEASING CORPORATION,LOFLC01,enterprise,full-mesh,6060,,,,,,
26/03/2021 15:53:00,IPR6093_BENBY,BENBY ENTERPRISES INCORPORATED,BEI08,enterprise,full-mesh,6093,,per-instance,,,,
26/03/2021 15:53:00,IPR6097_PCHC,LAND BANK OF THE PHILIPPINES,LBP01,enterprise,full-mesh,6097,,,,,,
26/03/2021 15:53:00,IPR6102_GSMINC,"GINEBRA SAN MIGUEL, INC.",GSMI01,enterprise,full-mesh,6102,,,,,,
26/03/2021 15:53:00,IPR6104_IXSFRL,IXSFORALL INC.,II320,enterprise,full-mesh,6104,per-ce,,,,,
26/03/2021 15:53:00,IPR6111_BIRMO,Bureau of Internal Revenue - Main Office,BIR-M01,enterprise,full-mesh,6111,per-ce,per-instance,,,,
26/03/2021 15:53:00,IPR6139_HYUNDAI,"HYUNDAI (CEBU), INC.",HCI26,enterprise,full-mesh,6139,,per-instance,,,,
26/03/2021 15:53:00,IPR6161_VOYAGER,"PAYMAYA PHILIPPINES, INC.",SI142,enterprise,full-mesh,6161,per-ce,,,,,
26/03/2021 15:53:00,IPR6166_HDMF,HOME DEVELOPMENT MUTUAL FUND-CORPORATE HEADQUARTERS,HDMFH01,enterprise,full-mesh,6166,,,,,,
26/03/2021 15:53:00,IPR6170_PEPSI,PEPSI COLA PRODUCTS PHILIPPINES INC.,PCPPI01,enterprise,full-mesh,6170,,,,,,
26/03/2021 15:53:00,IPR6177_PSMBFI,PUBLIC SAFETY MUTUAL BENEFIT FUND (PSMBFI) INC.,PSMBF01,enterprise,full-mesh,6177,per-ce,per-instance,,,,
26/03/2021 15:53:00,IPR6190_IPTSNCR,DEPARTMENT OF INFORMATION AND COMMUNICATIONS TECHNOLOGY,COI&C01,enterprise,full-mesh,6190,per-ce,per-instance,,,,
26/03/2021 15:53:00,IPR6196_ARMY,ARMY NAVY BURGER INC.,ANBI02,enterprise,full-mesh,6196,,,,,,
26/03/2021 15:53:00,IPR6199_CAGPWER,CAGAYAN ELECTRIC POWER AND LIGHT COMPANY INC,CEPLC01,enterprise,full-mesh,6199,,per-instance,,,,
26/03/2021 15:53:00,IPR6207_BTANK,BESTANKMANUFACTURINGCORP,BMC23,enterprise,full-mesh,6207,,per-instance,,,,
26/03/2021 15:53:00,IPR6208_IPTSCEB,DEPARTMENT OF INFORMATION AND COMMUNICATIONS TECHNOLOGY,COI&C01,enterprise,full-mesh,6208,,per-instance,,,,
26/03/2021 15:53:00,IPR6215_IPTMILO,DEPARTMENTOFSCIENCEANDTECHNOLOGY,DS&T01,enterprise,full-mesh,6215,,per-instance,,,,
26/03/2021 15:53:00,IPR6228_PRMLI,"COSCO CAPITAL, INC.",CCI318,enterprise,full-mesh,6228,,per-instance,,,,
26/03/2021 15:53:00,IPR6229_PLMRCI,POLYMERCHEMICALSINCORPORATED,PCI95,enterprise,full-mesh,6229,,per-instance,,,,
26/03/2021 15:53:00,IPR6231_ERAWAN,"ERAWAN PHILIPPINES (ERMITA), INC.",EPEI03,enterprise,full-mesh,6231,,,,,,
26/03/2021 15:53:00,IPR6235_ILAW,ILAW ATBP. CORPORATION,IAC14,enterprise,full-mesh,6235,,per-instance,,,,
26/03/2021 15:53:00,IPR7019_LIMSUN,United Limsun International Trading Corporation,ULITC02,enterprise,full-mesh,7019,,per-instance,,,,
26/03/2021 15:53:00,IPR7032_DIAFSSI,"DIAMOND FLEET SOLUTIONS SERVICES, INC.",DFSSI01,enterprise,full-mesh,7032,,,,,,
26/03/2021 15:53:00,IPR7040_SALEM,SALEM OCEANIC INDUSTRIAL CORPORATION,SOIC01,enterprise,full-mesh,7040,,per-instance,,,,
26/03/2021 15:53:00,IPR7060_GRNCRSS,"GREEN CROSS, INCORPORATED",GCI02,enterprise,full-mesh,7060,per-ce,per-instance,,,,
26/03/2021 15:53:00,IPR7066_LIFELNE,LIFELINE ARROWS,LA01,enterprise,full-mesh,7066,,,,,,
26/03/2021 15:53:00,IPR7070_STARLND,"STARLAND INTERNATIONAL SCHOOL, INC.",SAI14,enterprise,full-mesh,7070,,,,,,
26/03/2021 15:53:00,IPR7077_STJUDE,ST. JUDE COLLEGE - MANILA,SJC-M01,enterprise,full-mesh,7077,,,,,,
26/03/2021 15:53:00,IPR7096_ALYEINC,ALYSONS CHEMICAL ENTERPRISES INCORPORATED,ACEI05,enterprise,full-mesh,7096,,,,,,
26/03/2021 15:53:00,IPR7114_PAREF,"Paref Southridge School, Inc.",PSSI06,enterprise,full-mesh,7114,,,,,,
26/03/2021 15:53:00,IPR7125_FDSPHER,"FOODSPHERE, INC.",FI20,enterprise,full-mesh,7125,,,,,,
26/03/2021 15:53:00,IPR7212_AIGSERV,"AIG SHARED SERVICES - BUSINESS PROCESSING, INC.",ABPSI01,enterprise,full-mesh,7212,per-ce,,,,,
26/03/2021 15:53:00,IPR7213_CJMSTRA,CJM STRATEGIC MANAGEMENT SOLUTIONS INC.,CSMSI04,enterprise,full-mesh,7213,,per-instance,,,,
26/03/2021 15:53:00,IPR7215_USTIC,United Steel Technology International Corporation,USTIC01,enterprise,full-mesh,7215,,per-instance,,,,
26/03/2021 15:53:00,IPR7229_FIESTA,FIESTA DABAW NATIVE RESTAURANT,121829681,enterprise,full-mesh,7229,,,,,,
26/03/2021 15:53:00,IPR7246_CHAIN,CHAINGLASSENTERPRISESINCORPORATED,CGEI01,enterprise,full-mesh,7246,,per-instance,,,,
26/03/2021 15:53:00,IPR7259_GENEONE,GENERATION ONE RESOURCE SERVICE AND MULTIPURPOSE COOPERATIVE,GORSM06,enterprise,full-mesh,7259,per-ce,per-instance,,,,
26/03/2021 15:53:00,IPR7268_GATMOTO,MG GATEWAY SOUTH CORP.,MGSC17,enterprise,full-mesh,7268,,,,,,
26/03/2021 15:53:00,IPR7274_MANBROC,MANILA BROADCASTING COMPANY,MBC01,enterprise,full-mesh,7274,,per-instance,,,,
26/03/2021 15:53:00,IPR7286_INENGBQ,INENG'S SPECIAL BBQ FOODS INC.,ISSBF01,enterprise,full-mesh,7286,,per-instance,,,,
26/03/2021 15:53:00,IPR7290_PAMANA,SAVIOUR MEDICAL AND DENTAL COOPERATIVE,PMC193,enterprise,full-mesh,7290,per-ce,,,,,
26/03/2021 15:53:00,IPR7298_COFDSIN,"COMMONWEALTH FOODS, INC.",CFI01,enterprise,full-mesh,7298,per-ce,per-instance,,,,
26/03/2021 15:53:00,IPR7303_IPTMCDO,DEPARTMENT OF INFORMATION AND COMMUNICATIONS TECHNOLOGY,COI&C01,enterprise,full-mesh,7303,,per-instance,,,,
26/03/2021 15:53:00,IPR7312_BYNDSPI,"BEYONDSIGHT PHILIPPINES, INC.",BPI431,enterprise,full-mesh,7312,,per-instance,,,,
26/03/2021 15:53:00,IPR7318_LEELENG,LEELENG REALTY INC.,LRI135,enterprise,full-mesh,7318,,,,,,
26/03/2021 15:53:00,IPR7320_TELKHA,TELKHA HOLDINGS INC.,THI37,enterprise,full-mesh,7320,,,,,,
26/03/2021 15:53:00,IPR7329_ASOLCI,A.S. ONLINE CONSULTING INC.,AOCI02,enterprise,full-mesh,7329,,per-instance,,,,
26/03/2021 15:53:00,IPR7333_DENR,DEPARTMENT OF ENVIRONMENT AND NATURAL RESOURCES-ENVIROMENTAL MANAGEMENT BUREAU R,DENRM04,enterprise,full-mesh,7333,,per-instance,,,,
26/03/2021 15:53:00,IPR7337_MAXGINC,"MAX'S GROUP, INC.",MGI85,enterprise,full-mesh,7337,,,,,,
26/03/2021 15:53:00,IPR7341_JETTPET,JETTI_PETROLEUMINC.,JI31,enterprise,full-mesh,7341,,per-instance,,,,
26/03/2021 15:53:00,IPR7356_FAITH,FAITH IN GOD RPM PROFESSIONAL AND TECHNICAL SERVICES CORPORATION,FGRP&03,enterprise,full-mesh,7356,,,,,,
26/03/2021 15:53:00,IPR7369_FACALOG,FAST CARGO LOGISTICS CORPORATION - CEBU,FCLC-01,enterprise,full-mesh,7369,,per-instance,,,,
26/03/2021 15:53:00,IPR7370_BORALPH,BORAL PHILIPPINES,BP06,enterprise,full-mesh,7370,,per-instance,,,,
26/03/2021 15:53:00,IPR7374_PGRIZAL,PROVINCIAL GOVERNMENT OF RIZAL,RPG01,enterprise,full-mesh,7374,per-ce,per-instance,,,,
26/03/2021 15:53:00,IPR7384_ATDEDVO,ATENEO DE DAVAO UNIVERSITY,ADDU01,enterprise,full-mesh,7384,,,,,,
26/03/2021 15:53:00,IPR7386_FRUITAS,FRUITASGROUP INCORPORATED,FI976,enterprise,full-mesh,7386,,,,,,
26/03/2021 15:53:00,IPR7394_PRMWTRI,PRIMEWATER INFRASTRUCTURE CORP.,PIC396,enterprise,full-mesh,7394,,per-instance,,,,
26/03/2021 15:53:00,IPR7397_SINOCRG,SINO CARGOWORKS AGENCIES INCORPORATED,SCAI03,enterprise,full-mesh,7397,,per-instance,,,,
26/03/2021 15:53:00,IPR7399_QUEEN,"QUEENCITYDEVELOPMENTBANK,INC.",QCDB01,enterprise,full-mesh,7399,,per-instance,,,,
26/03/2021 15:53:00,IPR7400_PNB,PNB SAVINGS BANK,ASB04,enterprise,full-mesh,7400,,,,,,
26/03/2021 15:53:00,IPR7402_MNDLYNG,CITY GOVERNMENT OF MANDALUYONG,MCH01,enterprise,full-mesh,7402,,,,,,
26/03/2021 15:53:00,IPR7415_DECAPI,DECATHLON PHILIPPINES INC.,DPI237,enterprise,full-mesh,7415,,,,,,
26/03/2021 15:53:00,IPR7419_SEC,SECURITIES AND EXCHANGE COMMISSION,SAEC01,enterprise,full-mesh,7419,,per-instance,,,,
26/03/2021 15:53:00,IPR7420_CGDDS,"CITY GOVERNMENT OF DAVAO, DAVAO DEL SUR",CGOD01,enterprise,full-mesh,7420,per-ce,per-instance,,,,
26/03/2021 15:53:00,IPR7439_HERTAGE,"HERITAGE MULTI-OFFICE PRODUCTS, INC.",HMPI06,enterprise,full-mesh,7439,,,,,,
26/03/2021 15:53:00,IPR7441_BNKSENT,BANGKO SENTRAL NG PILIPINAS,BSNP01,enterprise,full-mesh,7441,,per-instance,,,,
26/03/2021 15:53:00,IPR7456_DENRM,DEPARTMENT OF ENVIRONMENT AND NATURAL RESOURCES-ENVIROMENTAL MANAGEMENT BUREAU R,DENRM04,enterprise,full-mesh,7456,,per-instance,,,,
26/03/2021 15:53:00,IPR7476_RBCPI,"PLANBANK (RURAL BANK OF CANLUBANG PLANTERS, INC)",PRBCP02,enterprise,full-mesh,7476,per-ce,,,,,
26/03/2021 15:53:00,IPR7479_EPTARPI,"EPTA REFRIGERATION PHILIPPINES, INC.",ERPI08,enterprise,full-mesh,7479,,,,,,
26/03/2021 15:53:00,IPR7480_FERRO,FERROTECH STEEL CORPORATION,FSC03,enterprise,full-mesh,7480,,,,,,
26/03/2021 15:53:00,IPR7481_BUOFTT,BUREAU OF THE TREASURY,BT02,enterprise,full-mesh,7481,,,,,,
26/03/2021 15:53:00,IPR7500_DNDOOCD,DEPARTMENT OF NATIONAL DEFENSE-OFFICE OF CIVIL DEFENSE,DND-O01,enterprise,full-mesh,7500,per-ce,,,,,
26/03/2021 15:53:00,IPR7523_SMARTMA,SmartmaticTimCorporation,STC39,enterprise,full-mesh,7523,,per-instance,,,,
26/03/2021 15:53:00,IPR7524_CHIRABC,China Road and Bridge Corporation,CRBC01,enterprise,full-mesh,7524,,,,,,
26/03/2021 15:53:00,IPR7526_NAPOCOR,PLDT - Public Sector,P-PS01,enterprise,full-mesh,7526,,per-instance,,,,
26/03/2021 15:53:00,IPR7528_NMEATIS,NATIONAL MEAT INSPECTION SERVICE,NMIC02,enterprise,full-mesh,7528,per-ce,,,,,
26/03/2021 15:53:00,IPR7547_DEUSINT,DEUS INTERNATIONAL GLOBAL LOGISTICS INC.,DIGLI04,enterprise,full-mesh,7547,,per-instance,,,,
26/03/2021 15:53:00,IPR7554_MSCORP,METRO STONERICH CORPORATION,MSC20,enterprise,full-mesh,7554,,,,,,
26/03/2021 15:53:00,IPR7556_FISHFOODS,"FISHER RETAIL, INC.",FC2607,enterprise,full-mesh,7556,,per-instance,,,,
26/03/2021 15:53:00,IPR7559_NCBINC,NEW CITY BUILDERS INCORPORATED,NCBI02,enterprise,full-mesh,7559,,,,,,
26/03/2021 15:53:00,IPR7566_JRSBC,JRS BUSINESS CORPORATION,JBC02,enterprise,full-mesh,7566,per-ce,per-instance,,,,
26/03/2021 15:53:00,IPR7581_CHOPCHOP,CHOP CHOP YUM YUM INC.,CCYYI01,enterprise,full-mesh,7581,per-ce,per-instance,,,,
26/03/2021 15:53:00,IPR7582_KAMCORP,KAREILA MANAGEMENT CORPORATION,KMC12,enterprise,full-mesh,20039,per-ce,per-instance,,,,
26/03/2021 15:53:00,IPR7590_BEEP88,BEEP88 TECHNOLOGICAL VENTURES INC.,BTVI02,enterprise,full-mesh,7590,per-ce,per-instance,,,,
26/03/2021 15:53:00,IPR7596_PHILSEV,PHILIPPINE SEVEN CORPORATION,PSC02,enterprise,full-mesh,7596,per-ce,per-instance,,,,
26/03/2021 15:53:00,IPR7613_LNCINC,LEONISNAVIGATIONCOMPANYINCORPORATED,LNCI01,enterprise,full-mesh,7613,,per-instance,,,,
26/03/2021 15:53:00,IPR7616_CDOWTER,Cagayan De Oro City Water District,CDOCW01,enterprise,full-mesh,7616,,per-instance,,,,
26/03/2021 15:53:00,IPR7621_BMPIINC,BREAKTHROUGHANDMILESTONESPRODUCTIONSINTERNATIONAL(BMPI)INC.,BMPII01,enterprise,full-mesh,7621,,per-instance,,,,
26/03/2021 15:53:00,IPR7623_STCPHIL,STCVIGOURPACKAGINGPHILIPPINESINC.,SVPPI02,enterprise,full-mesh,7623,,per-instance,,,,
26/03/2021 15:53:00,IPR7624_PUBSEC,PLDT - Public Sector,P-PS01,enterprise,full-mesh,7624,,per-instance,,,,
26/03/2021 15:53:00,IPR7628_GSICO,PLDT US LTD.,PUL01,enterprise,full-mesh,7628,,per-instance,,,,
26/03/2021 15:53:00,IPR7632_LANDTRANS,LAND TRANSPORTATION OFFICE,LTO01,enterprise,full-mesh,7632,per-ce,per-instance,,,,
26/03/2021 15:53:00,IPR7633_PRUGAI,PRUDENTIAL GUARANTEE AND ASSURANCE INCORPORATED,PGAAI01,enterprise,full-mesh,7633,,,,,,
26/03/2021 15:53:00,IPR7639_JABEZ,JABEZ MANAGEMENT SOLUTIONS INC.,JMSI54,enterprise,full-mesh,7639,,,,,,
26/03/2021 15:53:00,IPR7651_HASFTTS,HASTY FEET TRAVELNATION TOUR SERVICES CORPORATION,HFTTS01,enterprise,full-mesh,7651,,per-instance,,,,
26/03/2021 15:53:00,IPR7654_ULTICON,"Ulticon Builders, Inc.",UBI06,enterprise,full-mesh,7654,,,,,,
26/03/2021 15:53:00,IPR7655_HTTTPI,"HT & T TRAVEL PHILIPPINES, INC.",H&TTP01,enterprise,full-mesh,7655,,,,,,
26/03/2021 15:53:00,IPR7659_PENONGS,PENONG'S FRANCHISE CORPORATION,PFC148,enterprise,full-mesh,7659,,,,,,
26/03/2021 15:53:00,IPR7664_TOYVAL,"TOYOTA VALENZUELA, INC.",TVI60,enterprise,full-mesh,7664,,per-instance,,,,
26/03/2021 15:53:00,IPR7666_WEBCAST,WEBCAST TECHNOLOGIES INC.,WTI02,enterprise,full-mesh,7666,,,,,,
26/03/2021 15:53:00,IPR7674_SEQUINC,SERVEQUEST INC,SI93,enterprise,full-mesh,7674,per-ce,,,,,
26/03/2021 15:53:00,IPR7687_MGMMOTOR,MGM MOTOR TRADING INC.,MMTI02,enterprise,full-mesh,7687,,,,,,
26/03/2021 15:53:00,IPR7691_PAEATFO,PA EATOGETHER FOOD VENTURES INC.,PEFVI01,enterprise,full-mesh,7691,,,,,,
26/03/2021 15:53:00,IPR7695_ONEFOOD,"ONE FOOD GROUP MANAGEMENT SERVICES, INC.",OFGMS01,enterprise,full-mesh,7695,per-ce,per-instance,,,,
26/03/2021 15:53:00,IPR7696_INSPIRO,"INSPIRO RELIA, INC.",EVI02,enterprise,full-mesh,7696,,per-instance,,,,
26/03/2021 15:53:00,IPR7700_CORTECH,"Filinvest Land, Inc.",FLI04,enterprise,full-mesh,7700,,,,,,
26/03/2021 15:53:00,IPR7703_INTPHAR,"INTERNATIONAL PHARMACEUTICALS, INC.",IPI07,enterprise,full-mesh,7703,,per-instance,,,,
26/03/2021 15:53:00,IPR7704_LFPHINC,"LF (PHILIPPINES), INC.",IMPI04,enterprise,full-mesh,7704,,per-instance,,,,
26/03/2021 15:53:00,IPR7706_PNPCOMS,PHILIPPINE NATIONAL POLICE-COMMUNICATIONS AND ELECTRONICS SERVICE,PNPC01,enterprise,full-mesh,7706,per-ce,per-instance,,,,
26/03/2021 15:53:00,IPR7715_DCTECH,"DC TECH MICRO SERVICES, INC.",DTMSI01,enterprise,full-mesh,7715,,,,,,
26/03/2021 15:53:00,IPR7718_POMACCI,POWER MAC CENTER INCORPORATED,PMCI05,enterprise,full-mesh,7718,,,,,,
26/03/2021 15:53:00,IPR7721_FASTLCO,FASTCARGO LOGISTICS CORPORATION,FCL01,enterprise,full-mesh,7721,per-ce,,,,,
26/03/2021 15:53:00,IPR7723_RUDLINC,"RUDOLF LIETZ, INC.",RLI02,enterprise,full-mesh,7732,,,,,,
26/03/2021 15:53:00,IPR7740_RICOH,"Ricoh (Philippines), Inc.",RPI25,enterprise,full-mesh,7740,,per-instance,,,,
26/03/2021 15:53:00,IPR7742_BELMONT,"Cebu Belmont, Inc.",CBI02,enterprise,full-mesh,7742,,per-instance,,,,
26/03/2021 15:53:00,IPR7753_SMA2ILO,DEPARTMENTOFSCIENCEANDTECHNOLOGY,DS&T01,enterprise,full-mesh,7753,,per-instance,,,,
26/03/2021 15:53:00,IPR7755_FREESTYL,"FREESTYLE FOOT CARE, INC.",FFCI27,enterprise,full-mesh,7755,per-ce,per-instance,,,,
26/03/2021 15:53:00,IPR7767_JOHNMED,"ST. JOHN BIOMEDICS, INC.",SJBI06,enterprise,full-mesh,7767,,,,,,
26/03/2021 15:53:00,IPR7769_MALLERC,MALLERS INVESTMENTS CORPORATION,MIC966,enterprise,full-mesh,7769,,per-instance,,,,
26/03/2021 15:53:00,IPR7772_REDACHE,REDACHEM INGREDIENTS PHILIPPINES INC.,RIPI27,enterprise,full-mesh,7772,,,,,,
26/03/2021 15:53:00,IPR7783_DICTMDS,MICRODATA SYSTEMS (MDS) INC. FAO DICT,MSMIF01,enterprise,full-mesh,7783,per-ce,per-instance,,,,
26/03/2021 15:53:00,IPR7795_CARNICK,Carrascal Nickel Corporation,CNC04,enterprise,full-mesh,7795,,,,,,
26/03/2021 15:53:00,IPR7796_HMRPHIL,HMR PHILIPPINES INC.,HPI06,enterprise,full-mesh,7796,,,,,,
26/03/2021 15:53:00,IPR7797_SCANGLB,Scan Global Logistics (Philippines) Inc.,SGLPI02,enterprise,full-mesh,7797,per-ce,per-instance,,,,
26/03/2021 15:53:00,IPR7798_FINASIA,FINASIA LAND DEVELOPMENT & CONSTRUCTION CORP,FLDCC02,enterprise,full-mesh,7798,,per-instance,,,,
26/03/2021 15:53:00,IPR7802_CBOXCOR,CORBOX CORPORATION,CC368,enterprise,full-mesh,7802,,per-instance,,,,
26/03/2021 15:53:00,IPR7804_TOTALCO,TOTAL (PHILIPPINES) CORPORATION,TPPC01,enterprise,full-mesh,7804,,per-instance,,,,
26/03/2021 15:53:00,IPR7805_CHRVSTM,CHOICE HARVEST MARKETING INC.,CHMI10,enterprise,full-mesh,7805,,,,,,
26/03/2021 15:53:00,IPR7812_ROLCORP,ROBINSONS LAND CORPORATION,RLC01,enterprise,full-mesh,7812,,,,,,
26/03/2021 15:53:00,IPR7816_UNIVSOP,UNIVERSITY OF SOUTHEASTERN PHILIPPINES,USP01,enterprise,full-mesh,7816,,,,,,
26/03/2021 15:53:00,IPR7825_BEYNOVI,BEYOND INNOVATIONS INC.,BII95,enterprise,full-mesh,7825,,,,,,
26/03/2021 15:53:00,IPR7827_NAESHIP,NAESS SHIPPING PHILIPPINES INCORPORATED,NSPI08,enterprise,full-mesh,7827,,per-instance,,,,
26/03/2021 15:53:00,IPR7830_INSPIRO,PLDT US LTD.,PUL01,enterprise,full-mesh,7830,,per-instance,,,,
26/03/2021 15:53:00,IPR7843_COMSECR,"COMMANDER SECURITY SERVICES, INC.",CSSI11,enterprise,full-mesh,7843,,per-instance,,,,
26/03/2021 15:53:00,IPR7845_CEPUBLI,"C & E PUBLISHING, INC.",C&EPI01,enterprise,full-mesh,7845,,,,,,
26/03/2021 15:53:00,IPR7852_INNPACK,INNOVATIVE PACKAGING INDUSTRY CORP.,IPIC06,enterprise,full-mesh,7852,,per-instance,,,,
26/03/2021 15:53:00,IPR7859_AIRCCCO,AIR CAVALIERS CREDIT COOPERATIVE,ACCC06,enterprise,full-mesh,7859,,per-instance,,,,
26/03/2021 15:53:00,IPR7868_MCUHSPTL,MCU-FDTMFHOSPITAL,MH04,enterprise,full-mesh,7868,,per-instance,,,,
26/03/2021 15:53:00,IPR7871_NORTHCO,"NORTHCOM SECURITY & INVESTIGATION AGENCY, INC.",NSIAI02,enterprise,full-mesh,7871,,per-instance,,,,
26/03/2021 15:53:00,IPR7884_BUILDER,OUR BUILDERS WAREHOUSE INC.,OBWI03,enterprise,full-mesh,7884,,,,,,
26/03/2021 15:53:00,IPR7885_SEAGAME,SEAGAMES - NORTHLUZON - OPEN WATER SWIMMING,SEAGAMES,infra,full-mesh,7885,per-ce,,,,,
26/03/2021 15:53:00,IPR7889_DECONCOR,DELTA CONCRETE CORPORATION,DCC1422,enterprise,full-mesh,7889,,,,,,
26/03/2021 15:53:00,IPR7892_DOHCEBU,DEPARTMENT OF HEALTH-REGIONAL OFFICE CEBU,DH-RO03,enterprise,full-mesh,7892,,per-instance,,,,
26/03/2021 15:53:00,IPR7899_HTOPINC,"HiTopMerchandising,Inc.",HTMI02,enterprise,full-mesh,7899,,per-instance,,,,
26/03/2021 15:53:00,IPR7900_HANDINN,HANDLING INNOVATION INC.,HII07,enterprise,full-mesh,7900,,,,,,
26/03/2021 15:53:00,IPR7902_MOCIMAC,MONTE CIELO MARKETING CORPORATION,MCMC32,enterprise,full-mesh,7902,,,,,,
26/03/2021 15:53:00,IPR7906_DUINUS,DUINUSSMARTTECHINC.,DSTI18,enterprise,full-mesh,7906,,per-instance,,,,
26/03/2021 15:53:00,IPR7908_ROYCOLD,ROYALE COLD STORAGE INC.,RCSI31,enterprise,full-mesh,7908,,,,,,
26/03/2021 15:53:00,IPR7911_CASINO,CASINO ESPANOL DE CEBU,CEDC01,enterprise,full-mesh,7911,,per-instance,,,,
26/03/2021 15:53:00,IPR7916_PANGBSP,PANALPINA GLOBAL BUSINESS SERVICES (GBS) - PHILIPPINES,PGBSG01,enterprise,full-mesh,7916,,per-instance,,,,
26/03/2021 15:53:00,IPR7919_PAYMAYA,"PAYMAYA PHILIPPINES, INC.",SI142,enterprise,full-mesh,7919,,per-instance,,,,
26/03/2021 15:53:00,IPR7920_CHERENZ,"CHERENZ GLOBAL MFG., INC.",CGMI40,enterprise,full-mesh,7920,,,,,,
26/03/2021 15:53:00,IPR7926_BISCUIT,REPUBLIC BISCUIT CORPORATION,RBC02,enterprise,full-mesh,7926,,,,,,
26/03/2021 15:53:00,IPR7928_ALPHACO,ALPHA INSURANCE & SURETY CORPORATION,AI&SC01,enterprise,full-mesh,7928,,,,,,
26/03/2021 15:53:00,IPR7930_REYESCO,ReyesTacandong&Co.,RT&C03,enterprise,full-mesh,7930,,per-instance,,,,
26/03/2021 15:53:00,IPR7932_FMHOGRP,FMHOSPITALITYGROUP,FHG30,enterprise,full-mesh,7932,,per-instance,,,,
26/03/2021 15:53:00,IPR7941_ALISPH,ACTION LABS IT SERVICES PHILS CORP.,ALISP05,enterprise,full-mesh,7941,,,,,,
26/03/2021 15:53:00,IPR7948_AMOHOSP,AMOSUPSEAMENSHOSPITAL(ILOILO),ASHI01,enterprise,full-mesh,7948,,per-instance,,,,
26/03/2021 15:53:00,IPR7954_UOFCEBU,"UNIVERSITY OF CEBU, INC.",UC09,enterprise,full-mesh,7954,,per-instance,,,,
26/03/2021 15:53:00,IPR7957_BENESONS,"B. BENEDICTO AND SONS COMPANY, INC.",BBSCI06,enterprise,full-mesh,7957,,per-instance,,,,
26/03/2021 15:53:00,IPR7960_UNIVCEB,"UNIVERSITY OF CEBU, INC.",UC09,enterprise,full-mesh,7960,,per-instance,,,,
26/03/2021 15:53:00,IPR7962_LORENZO,LORENZO SHIPPING CORPORATION,LSC01,enterprise,full-mesh,7962,,per-instance,,,,
26/03/2021 15:53:00,IPR7966_PITOAXM,"PITO AXM PLATFORM, INC.",PAPI30,enterprise,full-mesh,7966,per-ce,per-instance,,,,
26/03/2021 15:53:00,IPR7979_MOOST,"MOOSTBRAND,INC.",MBI20,enterprise,full-mesh,7979,,per-instance,,,,
26/03/2021 15:53:00,IPR7983_SMARTBK,"SMART BANK (RURAL BANK), INC.",SBRBI07,enterprise,full-mesh,7983,,,,,,
26/03/2021 15:53:00,IPR7989_BGCCAP,BGC CAPITAL PARTNERS INC.,BCPI21,enterprise,full-mesh,7989,,,,,,
26/03/2021 15:53:00,IPR7996_PWRTRAC,POWERTRACINCORPORATED,PI2273,enterprise,full-mesh,7996,,per-instance,,,,
26/03/2021 15:53:00,IPR7998_AVISION,ASIAN VISION CABLE HOLDINGS,AVCH01,enterprise,full-mesh,7988,per-ce,,,,,
26/03/2021 15:53:00,IPR8012_CITYGOV,"CITYGOVERNMENTOFILOILO,ILOILO",CII43,enterprise,full-mesh,8012,,per-instance,,,,
26/03/2021 15:53:00,IPR8013_OLOFHI,FATIMA UNIVERSITY MEDICAL CENTER CORP.,FMC19,enterprise,full-mesh,8013,,per-instance,,,,
26/03/2021 15:53:00,IPR8014_PFISHDA,"ePLDT, Inc.",EPLDT01,enterprise,full-mesh,8014,,per-instance,,,,
26/03/2021 15:53:00,IPR8019_DSWDHOT,DEPARTMENT OF SOCIAL WELFARE AND DEVELOPMENT - CENTRAL OFFICE,DSWD-02,enterprise,full-mesh,8019,,per-instance,,,,
26/03/2021 15:53:00,IPR8023_CITYVAL,CITY GOVERNMENT OF VALENZUELA,MV01,enterprise,full-mesh,8023,,per-instance,,,,
26/03/2021 15:53:00,IPR8026_INNVTV,"INNOVATIVE BANK, INC. (A RURAL BANK)",IBIRB03,enterprise,full-mesh,8026,,per-instance,,,,
26/03/2021 15:53:00,IPR8027_MEPCORP,MOREELECTRICANDPOWERCORPORATION,MEPC36,enterprise,full-mesh,8027,,per-instance,,,,
26/03/2021 15:53:00,IPR8028_PHILPNP,PHILIPPINE NATIONAL POLICE-COMMUNICATIONS AND ELECTRONICS SERVICE,PNPC01,enterprise,full-mesh,8028,,,,,,
26/03/2021 15:53:00,IPR8034_CEBUCOP,CEBU CFI COMMUNITY COOPERATIVE,CCCC06,enterprise,full-mesh,8034,,per-instance,,,,
26/03/2021 15:53:00,IPR8045_EPLDTINC,"ePLDT, Inc.",EPLDT01,enterprise,full-mesh,8045,,,,,,
26/03/2021 15:53:00,IPR8046_CAVALCI,CAVITE APC LENDING COMPANY INC.,CALCI02,enterprise,full-mesh,8046,,,,,,
26/03/2021 15:53:00,IPR8047_GXTRTNL,GX INTERNATIONAL,GI06,enterprise,full-mesh,8047,,,,,,
26/03/2021 15:53:00,IPR8048_PHYDIAG,PHYSICIANS DIAGNOSTIC SVCS. CENTER INC.,PDSCI03,enterprise,full-mesh,8048,,,,,,
26/03/2021 15:53:00,IPR8053_TCSACSI,"TRIDENT CREDIT SUPPORT AND COLLECTION SERVICES, INC.",TCSCS03,enterprise,full-mesh,8053,,,,,,
26/03/2021 15:53:00,IPR8069_MERALCO,MERALCO,MERAL01,enterprise,full-mesh,8069,,per-instance,,,,
26/03/2021 15:53:00,IPR8073_CLADSWD,CITY GOVERNMENT OF CALAMBA- DSWD,CM12,enterprise,full-mesh,8073,per-ce,,,,,
26/03/2021 15:53:00,IPR8078_AUTOPHIL,AUTOPHILZONESALESCORPORATION,AZSC02,enterprise,full-mesh,8078,,per-instance,,,,
26/03/2021 15:53:00,IPR8079_PHXHOUSE,"THE PHOENIX PUBLISHING HOUSE, INC.",PPHI03,enterprise,full-mesh,8079,,,,,,
26/03/2021 15:53:00,IPR8089_APHILINC,"Asa Philippines Foundation, Inc.",APFI01,enterprise,full-mesh,8089,,,,,,
26/03/2021 15:53:00,IPR8095_MANPLAS,"Manly Plastics, Inc.",MPI46,enterprise,full-mesh,8095,,per-instance,,,,
26/03/2021 15:53:00,IPR8096_GE4MSI,GREAT EMPOWERMENT FOR MAXIMUM SUCCESS INCORPORATED,GEMSI02,enterprise,full-mesh,8096,,per-instance,,,,
26/03/2021 15:53:00,IPR8105_MECNET,MEC NETWORKS CORP.,MNC06,enterprise,full-mesh,8105,,per-instance,,,,
26/03/2021 15:53:00,IPR8111_MSANMIG,"MUNICIPALGOVERNMENTOFSANMIGUEL,ILOILO",MGSMI01,enterprise,full-mesh,8111,,per-instance,,,,
26/03/2021 15:53:00,IPR8126_PANPHIL,PANASONIC MANUFACTURING PHILIPPINES CORPORATION,MEPC01,enterprise,full-mesh,8126,,,,,,
26/03/2021 15:53:00,IPR8157_CIMBPH,CIMB BANK PHILIPPINES INC,CBPI25,enterprise,full-mesh,8157,per-ce,per-instance,,,,
26/03/2021 15:53:00,IPR8158_CITYGOV,CITY GOVERNMENT OF DAVAO,CGOD01,enterprise,full-mesh,8158,per-ce,per-instance,,,,
26/03/2021 15:53:00,IPR8165_SPISINC,SPEED POWERTECH IT SOLUTIONS INC.,SPISI02,enterprise,full-mesh,8165,per-ce,per-instance,,,,
26/03/2021 15:53:00,IPR8171_SONNETS,"SONNET'S CATERING SERVICES, INC.",SCSI07,enterprise,full-mesh,8171,,per-instance,,,,
26/03/2021 15:53:00,IPR8174_RAMONAF,"RAMON ABOITIZ FOUNDATION, INC.",RAFI02,enterprise,full-mesh,8174,,per-instance,,,,
26/03/2021 15:53:00,IPR8175_CHRSTRTN,"CHRISTERTON PROPERTIES, INC.",CPI99,enterprise,full-mesh,8175,,per-instance,,,,
26/03/2021 15:53:00,IPR8178_BBGCINC,"PITO AXM PLATFORM, INC.",PAPI30,enterprise,full-mesh,20045,per-ce,per-instance,,,,
26/03/2021 15:53:00,IPR8180_EVRSLEY,EVERSLEY CHILDS SANITARIUM,ECS67,enterprise,full-mesh,8180,,per-instance,,,,
26/03/2021 15:53:00,IPR8182_BESTANK,BESTANK MANUFACTURING CORP,BMC23,enterprise,full-mesh,8182,,per-instance,,,,
26/03/2021 15:53:00,IPR8183_VALCITY,CITY GOVERNMENT OF VALENZUELA,MV01,enterprise,full-mesh,8183,,per-instance,,,,
26/03/2021 15:53:00,IPR8195_DENRDC,"DEPARTMENT OF ENVIRONMENT AND NATURAL RESOURCES-DAVAO CITY, DAVAO DEL SUR",DENR-06,enterprise,full-mesh,8195,per-ce,per-instance,,,,
26/03/2021 15:53:00,IPR8196_CITYGOV,"CITY GOVERNMENT OF DAVAO, DAVAO DEL SUR",CGOD01,enterprise,full-mesh,8196,per-ce,per-instance,,,,
26/03/2021 15:53:00,IPR8201_SMMCINC,SAN MATEO MEDICAL CENTER INC,SMMCI10,enterprise,full-mesh,8201,per-ce,per-instance,,,,
26/03/2021 15:53:00,IPR8206_ILELCOO,"ILOILO II ELECTRIC COOPERATIVE, INC.",IIECI11,enterprise,full-mesh,8206,,per-instance,,,,
26/03/2021 15:53:00,IPR8208_HKTEST,PLDT HK LIMITED-ICBG,PHL65,enterprise,full-mesh,8208,per-ce,per-instance,,,,
26/03/2021 15:53:00,IPR8210_NEOTECH,NEO-TECH ASIA DISTRIBUTION INC.,NADI14,enterprise,full-mesh,8210,,per-instance,,,,
26/03/2021 15:53:00,IPR8213_PHSEVCOR,PHILIPPINE SEVEN CORPORATION,PSC02,enterprise,full-mesh,8213,per-ce,per-instance,,,,
26/03/2021 15:53:00,IPR8217_MSSINC,MERIT STAINLESS STEEL INC.,MSSI01,enterprise,full-mesh,8217,per-ce,per-instance,,,,
26/03/2021 15:53:00,IPR8218_ASUSPHL,ASUS PHILIPPINES CORPORATION,APC529,enterprise,full-mesh,8218,,per-instance,,,,
26/03/2021 15:53:00,IPR8219_TRUCORP,TRULABORATORIES CORPORATION,TC12042,enterprise,full-mesh,8219,per-ce,per-instance,,,,
26/03/2021 15:53:00,IPR8222_MADPARK,"MADISON PARK HOTEL, INC",MPHI13,enterprise,full-mesh,8222,,per-instance,,,,
26/03/2021 15:53:00,IPR8223_MERITSS,MERIT STAINLESS STEEL INC.,MSSI01,enterprise,full-mesh,20049,per-ce,per-instance,,,,
26/03/2021 15:53:00,IPR8225_ILOSCOF,ILOILO STATE COLLEGE OF FISHERIES,ISCF01,enterprise,full-mesh,8225,,per-instance,,,,
26/03/2021 15:53:00,IPR8230_DOAMNDC,"DEPARTMENT OF AGRICULTURE-BGY MAGUIKAY, MANDAUE CITY",DAMCC01,enterprise,full-mesh,8230,,per-instance,,,,
26/03/2021 15:53:00,IPR8231_SPOWERC,S-POWER CORPORATION,SC3705,enterprise,full-mesh,8231,per-ce,per-instance,,,,
26/03/2021 15:53:00,IPR8247_BCCSTI,BCC SECURITY TECHNOLOGIES INC.,BSTI09,enterprise,full-mesh,8247,per-ce,per-instance,,,,
26/03/2021 15:53:00,IPR8250_HONDA,"HONDA CARS MAKATI, INC.",HCMI01,enterprise,full-mesh,8250,per-ce,per-instance,,,,
26/03/2021 15:53:00,IPR8251_PNPREGO,PHILIPPINE NATIONAL POLICE,PRO101,enterprise,full-mesh,8251,per-ce,per-instance,,,,
26/03/2021 15:53:00,IPR9983_RADNMS,CLARADE014 NMS,CLA014,enterprise,full-mesh,9983,per-ce,per-instance,,,,
26/03/2021 15:53:00,IPR9983_RADNMS_PECE,CLARADE014 MGMT,CLA014,enterprise,full-mesh,20032,per-ce,per-instance,,,,
26/03/2021 15:53:00,IPR9991_INDUSCS,"INDUSTRIAL CONTROLS SYSTEMS, INC.",ICSI17,enterprise,full-mesh,9991,,,,,,
26/03/2021 15:53:00,IPR9998_CARDMRI,CARD MRI INFORMATION TECHNOLOGY,CMIT02,enterprise,full-mesh,9998,per-ce,per-instance,,,,
26/03/2021 15:53:00,L2L2_L3_HS_3000,PLDT,PT,enterprise,hub-and-spoke,20053,per-ce,per-instance,,20052.0,,
26/03/2021 15:53:00,L2L2_L3_HS_3070,PLDT,PT,enterprise,hub-and-spoke,20055,per-ce,per-instance,,20054.0,,
26/03/2021 15:53:00,L3CHMuticast_00001,PLDT,PT,enterprise,full-mesh,20044,per-ce,per-instance,,,,
26/03/2021 15:53:00,L3VPN_RA_tes_HS,PLDT,PT,enterprise,hub-and-spoke,20066,per-ce,per-instance,,20066.0,,
26/03/2021 15:53:00,L3_VPN_Uni_HS_RA,PLDT,PT,enterprise,hub-and-spoke,21501,per-ce,per-instance,,21502.0,,
26/03/2021 15:53:00,L3_VPN_test_RA_2,PLDT,PT,enterprise,hub-and-spoke,21503,per-ce,per-instance,,21504.0,,
26/03/2021 15:53:00,L3vpnt,pldt,pt,enterprise,full-mesh,20042,per-ce,,,,,
26/03/2021 15:53:00,NSO_L3FMHU_080321,PLDT,PLDT,enterprise,full-mesh,20057,per-ce,per-instance,,,,
26/03/2021 15:53:00,NSO_PAT411_CS1003,PLDT,PLDT,enterprise,hub-and-spoke,20164,per-ce,per-instance,,20163.0,,
26/03/2021 15:53:00,NSO_PATHYB_080321,PLDT,PLDT,mobile,hybrid,20050,per-ce,per-instance,,20051.0,hybrid,full-mesh
26/03/2021 15:53:00,NSO_PATL3FM_0803,PLDT,PLDT,enterprise,full-mesh,20056,per-ce,per-instance,,,,
26/03/2021 15:53:00,TEST,TEST,TEST,enterprise,full-mesh,20036,per-ce,per-instance,,,,
26/03/2021 15:53:00,VPNBATSMGMT,PLDT,PLDT,infra,full-mesh,20038,per-ce,,,,,
26/03/2021 15:53:00,VPNFMtoHS,PLDT,PLDT,enterprise,hub-and-spoke,40500,per-ce,per-instance,,40501.0,,
26/03/2021 15:53:00,l3vpn-1000,PTDT,PT,enterprise,full-mesh,15000,per-ce,,,,,
26/03/2021 15:53:00,l3vpn-1001,PLDT,PT,enterprise,full-mesh,15001,per-vrf,,,,,
26/03/2021 15:53:00,l3vpn-1002,PLDT-5G,PT,enterprise,full-mesh,16901,per-vrf,,,,,
26/03/2021 15:53:00,l3vpn-1003,PLDT,PT,enterprise,full-mesh,15003,per-vrf,,,,,
26/03/2021 15:53:00,l3vpn-1004,PLDT,PT,enterprise,full-mesh,15004,per-vrf,,,,,
26/03/2021 15:53:00,l3vpn-1009,PLDT,PLDT,enterprise,full-mesh,15030,per-vrf,,,,,
26/03/2021 15:53:00,l3vpn-1011,PLDT,PLDT,enterprise,full-mesh,15032,per-vrf,,,,,
26/03/2021 15:53:00,l3vpn-1012,PLDT,PLDT,enterprise,full-mesh,15035,per-vrf,,,,,
26/03/2021 15:53:00,l3vpn-1013,PLDT,PLDT,enterprise,full-mesh,15036,per-vrf,,,,,
26/03/2021 15:53:00,l3vpn-1014,PLDT,PLDT,enterprise,full-mesh,15037,per-vrf,,,,,
26/03/2021 15:53:00,l3vpn-1040,PLDT,PT,enterprise,full-mesh,15009,per-vrf,,,,,
26/03/2021 15:53:00,l3vpn-1041,PLDT,PT,enterprise,full-mesh,15010,per-vrf,,,,,
26/03/2021 15:53:00,l3vpn-1042,PLDT,PT,enterprise,full-mesh,15011,per-vrf,,,,,
26/03/2021 15:53:00,l3vpn-1049,PLDT,PT,enterprise,full-mesh,15015,per-ce,,,,,
26/03/2021 15:53:00,l3vpn-1050,pldt,pt,enterprise,full-mesh,15016,per-vrf,,,,,
26/03/2021 15:53:00,l3vpn-1051,PLDT,pt,enterprise,full-mesh,15017,per-vrf,,,,,
26/03/2021 15:53:00,l3vpn-1052,PLDT,PT,enterprise,full-mesh,15018,per-vrf,,,,,
26/03/2021 15:53:00,l3vpn-1150,PLDT,PT,enterprise,full-mesh,15002,per-vrf,,,,,
26/03/2021 15:53:00,l3vpn-1153,PLDT,PT,enterprise,full-mesh,15005,per-vrf,,,,,
26/03/2021 15:53:00,l3vpn-1156,PLDT-Perf,PT,enterprise,full-mesh,15006,per-vrf,,,,,
26/03/2021 15:53:00,l3vpn-1158,PLDT,PT,enterprise,full-mesh,16000,per-vrf,,,,,
26/03/2021 15:53:00,l3vpn-1162,PLDT,PT,enterprise,full-mesh,16001,per-vrf,,,,,
26/03/2021 15:53:00,l3vpn-1171,PLDT,PT,enterprise,full-mesh,16002,per-vrf,,,,,
26/03/2021 15:53:00,l3vpn-1172,PLDT,PT,enterprise,full-mesh,16003,per-vrf,,,,,
26/03/2021 15:53:00,l3vpn-pilot-ent-test-mork-1,mork1,test,enterprise,full-mesh,44120,per-vrf,,,,,
26/03/2021 15:53:00,l3vpn-pilot-mvpn-test,test,test,enterprise,full-mesh,15701,per-vrf,,,,,
26/03/2021 15:53:00,new1_0903,pldt,pt,enterprise,full-mesh,20161,per-ce,per-instance,,,,
26/03/2021 15:53:00,new1_090321,pldt,pt,enterprise,full-mesh,20067,per-ce,per-instance,,,,
26/03/2021 15:53:00,new2_0903,PLDT,pt,enterprise,full-mesh,20068,per-ce,per-instance,,,,
26/03/2021 15:53:00,new3_0903,pldt,pt,enterprise,full-mesh,20060,per-ce,per-instance,,,,
26/03/2021 15:53:00,test20210316,pldt,pldt,enterprise,full-mesh,316,,,,,,
